user_index,source_count,target_count
671,5,8
1996,5,5
1913,5,11
2569,5,5
1528,5,11
2505,5,7
1484,5,7
716,5,7
2054,5,11
1060,5,7
2251,5,7
641,5,5
2349,5,11
2723,5,5
761,5,11
538,5,7
2225,5,19
9,5,19
1352,5,20
2400,5,5
2268,5,7
840,5,10
2555,5,7
1314,5,7
1931,5,5
2128,5,7
2608,5,5
1829,5,5
321,5,20
2546,5,5
1608,5,5
1582,5,5
2628,5,7
1471,5,11
1818,5,5
2427,5,20
1628,5,20
984,5,11
1267,5,19
1136,5,5
2484,5,18
1756,5,11
806,5,6
1604,5,11
2629,5,11
421,5,6
1998,5,18
263,5,6
1828,5,5
1213,5,18
899,5,5
773,5,11
2722,5,5
1699,5,5
2708,5,11
980,5,11
1497,5,18
2395,5,7
2434,5,5
1435,5,5
2681,5,11
2673,5,7
1240,5,11
2318,5,11
2232,5,11
886,5,11
1481,5,7
2623,5,11
2770,5,5
938,5,18
1885,5,18
2304,5,7
1048,5,18
2208,5,7
1388,5,7
2040,5,11
331,5,11
911,5,10
1922,5,5
1729,5,7
1394,5,5
254,5,7
2579,5,5
1297,5,5
2625,5,5
2389,5,5
1560,5,7
2438,5,23
2692,5,7
526,5,10
1963,5,22
2204,5,10
2642,5,10
715,5,7
556,5,7
1078,5,5
967,5,23
211,5,10
2089,5,23
2127,5,7
1648,5,24
2064,5,7
2230,5,7
2037,5,10
878,5,10
1355,5,24
2399,5,23
2739,5,5
398,5,10
2647,5,5
1317,5,7
1849,5,5
2125,5,5
2750,5,7
2419,5,7
2330,5,7
694,5,5
1644,5,5
1879,5,22
897,5,22
1667,5,7
2670,5,21
2162,5,10
2685,5,10
2045,5,10
304,5,21
2763,5,10
2766,5,5
1430,5,7
1149,5,21
2558,5,10
1639,5,7
1083,5,21
2279,5,5
1212,5,7
1958,5,7
1086,5,5
108,5,10
1708,5,21
2002,5,21
1841,5,5
1423,5,6
2702,5,10
1549,5,22
748,5,22
1624,5,5
1867,5,10
2175,5,21
168,5,10
1719,5,22
1299,5,5
1757,5,5
1511,5,5
1599,5,5
2311,5,10
818,5,5
2223,5,5
1892,5,18
2649,5,6
925,5,11
866,5,15
2473,5,6
1641,5,13
1077,5,15
477,5,6
1762,5,15
2514,5,13
1134,5,15
2103,5,6
2760,5,6
1564,5,13
135,5,15
2551,5,6
1426,5,6
2801,5,6
395,5,15
854,5,15
1201,5,6
2604,5,13
700,5,15
2313,5,12
2564,5,12
220,5,6
1410,5,6
742,5,6
1779,5,6
1942,5,15
2747,5,6
2218,5,12
1292,5,15
706,5,12
865,5,15
431,5,6
1954,5,6
455,5,12
419,5,12
1812,5,15
1236,5,12
1206,5,6
801,5,6
2751,5,6
1938,5,6
170,5,13
2533,5,13
1038,5,13
1939,5,6
1874,5,14
2298,5,6
2117,5,14
1770,5,14
1971,5,14
767,5,14
732,5,6
1156,5,6
1242,5,6
101,5,6
2678,5,6
1071,5,6
469,5,6
1515,5,13
2269,5,6
1796,5,6
705,5,6
1794,5,13
2123,5,6
1666,5,14
602,5,6
1361,5,14
1266,5,13
870,5,14
859,5,13
579,5,14
2528,5,6
744,5,6
1397,5,6
2424,5,6
369,5,14
34,5,24
1380,5,16
2754,5,16
2301,5,5
2537,5,11
2158,5,6
1594,5,6
2522,5,6
2717,5,6
2463,5,5
2130,5,6
2578,5,5
1058,5,12
857,5,17
1001,5,12
1311,5,12
2658,5,6
1463,5,5
2308,5,12
828,5,12
479,5,12
1294,5,6
1970,5,17
1838,5,17
2228,5,5
2033,5,11
2244,5,17
1220,5,11
2222,5,6
2586,5,11
2488,5,11
824,5,11
2051,5,17
488,5,11
2144,5,5
692,5,6
2689,5,5
2495,5,17
2133,5,17
1773,5,6
2615,5,12
1950,5,16
1909,5,12
1527,5,16
1248,5,6
2216,5,12
2519,5,6
2249,5,6
1990,5,6
2610,5,12
1570,5,16
889,5,16
712,5,6
2210,5,6
1432,5,6
1054,5,16
2213,5,16
895,5,16
1696,5,6
1877,5,6
2164,5,5
990,5,12
1652,5,12
2074,5,6
1572,5,12
1888,5,6
2161,5,12
2211,5,12
1460,5,12
1916,5,12
2383,5,6
2738,5,6
664,5,6
1259,5,6
490,5,6
799,5,12
2242,5,12
2061,5,6
362,5,12
2668,5,6
2515,5,5
1589,5,6
504,5,10
2532,5,7
1717,5,38
1239,5,5
1517,5,9
87,5,5
2111,5,5
1343,5,9
2633,5,9
2264,5,5
2769,5,7
838,5,36
1223,5,35
1548,5,9
1866,5,35
2307,5,5
2072,5,5
2252,5,9
1421,5,38
2293,5,5
1588,5,42
523,5,8
2026,5,5
2487,5,41
965,5,5
2377,5,8
600,5,8
2732,5,5
1977,5,8
896,5,8
1503,5,8
1635,5,7
2331,5,8
436,5,5
553,5,7
1265,5,5
575,5,42
1933,5,7
1889,5,9
1458,5,7
1029,5,32
2200,5,7
1004,5,7
1144,5,31
966,5,9
2428,5,9
2094,5,9
800,5,9
1941,5,9
942,5,31
1521,5,9
1396,5,31
771,5,7
1152,5,30
558,5,9
2077,5,9
2214,5,5
941,5,33
2439,5,7
103,5,34
1182,5,5
1516,5,34
626,5,9
2420,5,9
948,5,7
2286,5,7
2070,5,9
1745,5,33
510,5,9
1209,5,33
1571,5,9
2267,5,7
2190,5,7
2613,5,32
1400,5,8
1786,5,5
914,5,5
2531,5,5
2042,5,8
1825,5,78
570,5,8
1225,5,76
2666,5,8
1324,5,75
2719,5,8
1428,5,8
1190,5,5
1823,5,8
2157,5,8
1326,5,63
1748,5,8
1618,5,8
2120,5,8
678,5,8
779,5,8
2462,5,8
2177,5,8
447,5,8
629,5,8
50,5,136
2454,5,5
1857,5,8
2445,5,8
1814,5,8
972,5,8
625,5,5
769,5,5
790,5,98
2584,5,8
2694,5,8
1193,5,93
1869,5,8
2065,5,59
2482,5,58
1402,5,8
1744,5,5
2265,5,48
1382,5,5
1610,5,8
2059,5,8
2385,5,5
1807,5,8
1221,5,45
813,5,8
1162,5,45
1721,5,8
592,5,5
597,5,8
1368,5,8
2029,5,8
276,5,5
358,5,49
2677,5,5
1585,5,8
690,5,8
336,5,5
923,5,57
442,5,8
1051,5,5
1753,5,56
1793,5,8
2500,5,7
841,5,8
1897,5,8
2171,5,5
2124,5,8
2235,5,5
2261,5,8
119,5,52
2295,5,5
1520,5,5
183,5,9
1295,5,5
1850,5,9
2411,5,27
2762,5,5
1735,5,5
348,5,5
1010,5,7
1427,5,28
1383,5,9
821,5,5
1387,5,9
1551,5,5
2240,5,9
377,5,9
464,5,26
2091,5,9
1535,5,7
1111,5,10
1580,5,10
2203,5,9
1061,5,10
2600,5,5
1405,5,5
2767,5,7
1819,5,5
1815,5,5
1606,5,27
2019,5,5
1444,5,5
221,5,5
132,5,9
2494,5,25
675,5,9
1108,5,5
1810,5,7
2300,5,7
1947,5,7
860,5,9
1709,5,7
2446,5,5
2370,5,5
214,5,9
1469,5,25
2344,5,25
2795,5,7
684,5,9
2055,5,7
2701,5,5
59,5,5
1747,5,5
2607,5,7
910,5,5
2285,5,10
1915,5,30
258,5,9
837,5,7
1321,5,10
1715,5,5
1125,5,9
245,5,5
1649,5,7
2188,5,10
2776,5,5
891,5,5
1851,5,7
1898,5,9
1024,5,7
2248,5,7
1227,5,29
632,5,24
928,5,29
554,5,7
2779,5,5
2207,5,9
1393,5,5
1509,5,5
271,5,7
104,5,5
1615,6,6
2472,6,7
1438,6,7
2562,6,6
1750,6,8
2396,6,10
2020,6,13
2523,6,12
1238,6,8
1863,6,6
1781,6,12
1802,6,7
295,6,13
532,6,12
2565,6,8
962,6,7
1526,6,8
519,6,7
2778,6,7
284,6,7
2220,6,9
548,6,6
1230,6,6
1118,6,6
2410,6,6
1229,6,14
2671,6,12
2709,6,12
1433,6,8
1391,6,12
2802,6,7
2431,6,10
2185,6,6
719,6,8
2554,6,10
1727,6,13
875,6,7
880,6,8
1251,6,7
2315,6,8
2753,6,8
2476,6,10
756,6,13
644,6,6
1783,6,7
463,6,13
2794,6,10
1349,6,7
28,6,6
2250,6,10
390,6,8
2071,6,6
1473,6,8
164,6,8
2783,6,6
2430,6,6
765,6,10
2407,6,8
2258,6,6
2368,6,10
1611,6,8
2603,6,6
1328,6,6
2241,6,10
1079,6,10
2521,6,6
777,6,8
1706,6,7
1122,6,8
2008,6,8
2771,6,6
2447,6,8
2652,6,8
192,6,8
2808,6,8
482,6,10
2636,6,13
1536,6,6
2141,6,8
2221,6,13
51,6,7
2676,6,6
2323,6,13
2648,6,7
152,6,13
812,6,10
2527,6,10
2069,6,7
2793,6,8
2401,6,11
2256,6,11
1370,6,11
251,6,11
2622,6,7
1257,6,11
2166,6,7
2432,6,9
2178,6,6
2132,6,6
1523,6,9
2591,6,9
2545,6,6
2651,6,11
1081,6,11
1865,6,9
1498,6,7
2129,6,9
2493,6,9
2066,6,7
2049,6,9
2343,6,7
2479,6,6
1614,6,10
257,6,11
2631,6,7
210,6,7
1836,6,11
873,6,7
379,6,11
2374,6,11
1275,6,9
2320,6,11
2508,6,7
1980,6,9
683,6,7
149,6,7
1505,6,9
2375,6,9
759,6,6
1682,6,7
2044,6,6
608,6,7
2095,6,11
56,6,6
586,6,7
2193,6,9
2548,6,6
826,6,11
2667,6,11
1327,6,9
2114,6,11
335,6,11
2416,6,11
2691,6,9
462,6,9
1910,6,7
1968,6,6
2661,6,6
182,6,7
869,6,7
1546,6,8
114,6,6
2202,6,7
269,6,7
1151,6,8
551,6,6
1988,6,10
2347,6,8
196,6,7
2461,6,12
2540,6,8
913,6,10
2122,6,6
2541,6,8
1449,6,8
1067,6,8
100,6,6
2800,6,10
2503,6,12
1673,6,7
126,6,7
1847,6,8
1839,6,8
1210,6,8
2017,6,9
2605,6,9
2312,6,11
1790,6,9
1904,6,7
2112,6,11
2023,6,9
2777,6,9
507,6,7
1660,6,10
2372,6,12
1175,6,12
471,6,10
2553,6,6
52,6,7
2373,6,6
1689,6,12
2470,6,10
2006,6,10
731,6,7
2471,6,6
503,6,9
2287,6,7
2406,6,6
1233,6,12
1350,6,9
2139,6,7
2310,6,6
2735,6,6
2645,6,21
679,6,21
2280,6,5
2450,6,21
2181,6,21
2595,6,21
2043,6,21
230,6,21
407,6,5
2282,6,21
590,6,20
665,6,5
2449,6,5
792,6,20
1943,6,5
2782,6,5
2587,6,5
2192,6,5
2745,6,5
2073,6,24
2571,6,24
1306,6,5
810,6,5
2152,6,5
717,6,23
2176,6,23
2380,6,5
111,6,23
1791,6,5
2741,6,5
2731,6,5
343,6,5
302,6,5
308,6,22
2362,6,22
1835,6,19
2076,6,19
2758,6,5
1908,6,5
2453,6,5
1876,6,5
775,6,17
1768,6,17
1508,6,17
2538,6,5
833,6,17
798,6,17
1534,6,17
511,6,5
1112,6,16
1020,6,16
2635,6,5
2048,6,6
907,6,5
1559,6,5
2303,6,5
1785,6,18
1045,6,5
2337,6,5
1404,6,19
187,6,5
1726,6,5
535,6,5
2334,6,5
22,6,5
1862,6,18
2674,6,5
1901,6,18
139,6,18
2339,6,18
701,6,5
71,6,18
1861,6,5
1335,6,5
1219,6,16
1834,6,5
772,6,25
2060,6,5
1797,6,5
2577,6,5
2233,6,48
80,6,5
2159,6,47
1472,6,43
1207,6,43
1737,6,41
516,6,41
1809,6,5
2737,6,5
1751,6,39
651,6,39
1830,6,5
1595,6,56
725,6,5
533,6,57
1293,6,5
794,6,125
1766,6,121
1197,6,100
1827,6,5
2425,6,5
2319,6,5
1848,6,85
191,6,81
1532,6,78
1789,6,5
2153,6,5
937,6,64
650,6,5
404,6,5
1477,6,5
2057,6,5
2305,6,5
1929,6,36
2727,6,5
2518,6,28
2260,6,28
1316,6,28
216,6,5
581,6,27
461,6,27
1826,6,5
1656,6,27
736,6,5
2288,6,5
1015,6,5
399,6,5
1653,6,5
1636,6,26
1662,6,5
485,6,28
722,6,5
571,6,29
2393,6,29
354,6,5
585,6,5
588,6,35
763,6,5
223,6,5
1379,6,33
1069,6,5
452,6,5
1912,6,5
582,6,32
2084,6,5
2382,6,31
1924,6,5
1675,6,31
1281,6,30
1755,6,5
14,6,5
1419,6,16
991,6,5
1007,6,16
1011,6,6
2150,6,14
1561,6,16
2429,6,14
1975,6,6
1398,6,6
661,6,14
2592,6,6
2245,6,6
1154,6,6
655,6,15
1480,6,6
2022,6,14
882,6,6
2675,6,6
877,6,6
1005,6,15
1422,6,6
1424,6,15
1860,6,15
904,6,14
1009,6,15
137,6,15
1937,6,15
952,6,6
2632,6,15
2322,6,6
2499,6,6
2529,6,15
2716,6,14
250,6,6
2384,6,6
2570,6,6
1320,6,6
1749,6,16
1053,6,6
2715,6,6
2512,6,6
2556,6,6
2638,6,15
1431,6,6
2755,6,6
1668,6,14
1586,7,27
2536,7,5
1187,7,26
594,7,9
1312,7,9
2460,7,6
1468,7,5
576,7,13
1562,7,7
2336,7,10
1754,7,5
1720,7,28
1360,7,9
1470,7,6
1579,7,28
2217,7,7
2573,7,7
1263,7,9
669,7,9
454,7,13
1746,7,28
1578,7,9
1602,7,28
157,7,13
1822,7,15
2001,7,9
1923,7,27
2660,7,9
1544,7,15
1126,7,6
2669,7,6
816,7,9
1880,7,26
1496,7,5
2756,7,10
1105,7,13
1803,7,5
1569,7,23
1900,7,10
2324,7,7
2784,7,5
1778,7,23
672,7,7
1858,7,6
1961,7,5
2560,7,23
1364,7,15
1340,7,10
1690,7,22
2729,7,5
1216,7,22
1855,7,7
2699,7,7
91,7,7
2799,7,7
473,7,6
2151,7,13
2317,7,10
1672,7,9
2582,7,5
2451,7,7
2316,7,7
807,7,5
2058,7,25
65,7,7
1697,7,29
944,7,25
1752,7,25
1518,7,13
521,7,5
647,7,24
2314,7,6
2576,7,5
1833,7,7
1043,7,24
1173,7,10
2561,7,5
386,7,7
1543,7,10
2009,7,13
2433,7,10
971,7,29
289,7,30
1764,7,29
2294,7,8
1681,7,8
2574,7,5
2572,7,5
1095,7,14
2743,7,6
1113,7,8
2423,7,8
328,7,8
2679,7,8
1274,7,8
1012,7,52
1363,7,5
2725,7,8
1044,7,47
1713,7,45
568,7,5
2155,7,8
1522,7,6
2643,7,8
994,7,8
2575,7,8
2759,7,13
76,7,5
1119,7,5
159,7,5
2787,7,8
2653,7,6
2764,7,5
2464,7,14
1226,7,5
2231,7,5
1962,7,87
2491,7,8
2459,7,6
2418,7,5
1605,7,8
1840,7,5
1347,7,8
909,7,76
2687,7,5
2306,7,14
2539,7,6
333,7,63
1695,7,5
1775,7,8
265,7,8
2113,7,59
1738,7,8
1130,7,9
1645,7,40
1501,7,8
422,7,5
1348,7,5
1837,7,5
1351,7,9
1718,7,32
954,7,7
347,7,31
1710,7,5
674,7,9
1584,7,9
561,7,33
374,7,13
1260,7,9
2467,7,5
1663,7,9
2257,7,5
435,7,30
2768,7,5
291,7,9
1703,7,5
203,7,7
2259,7,7
1146,7,9
2056,7,8
1493,7,9
320,7,7
605,7,40
32,7,8
2703,7,5
2247,7,39
898,7,6
2278,7,9
2332,7,9
1192,7,9
15,7,37
1271,7,14
2589,7,7
1447,7,37
2011,7,6
1665,7,13
1575,7,14
298,7,34
144,7,9
2713,7,5
1,7,34
2544,7,5
1452,7,7
1272,7,33
583,7,5
2018,7,5
2617,7,5
494,7,18
906,7,5
953,7,12
327,7,17
607,7,17
1884,7,11
1082,7,17
274,7,5
1558,7,11
415,7,17
432,7,20
2781,7,11
1178,7,18
1592,7,20
2262,7,11
2003,7,17
2186,7,12
151,7,11
1255,7,11
364,7,5
2618,7,5
1911,7,5
1277,7,12
1701,7,20
1603,7,12
509,7,11
472,7,18
524,7,12
1006,7,17
680,7,20
1231,7,16
1997,7,5
1258,7,18
1531,7,5
2333,7,11
2404,7,19
1587,7,19
459,7,19
1902,7,5
451,7,6
1677,7,6
1852,7,17
2104,7,11
1303,7,11
2596,7,11
1022,7,19
1339,7,6
2557,7,6
1507,7,5
1882,7,19
1436,7,12
622,7,17
885,7,7
2606,7,7
141,7,5
988,7,6
394,7,11
917,7,7
2142,7,17
1723,7,19
1008,7,12
169,7,7
1052,7,10
1042,7,6
881,7,10
1234,7,6
497,7,6
663,7,6
1341,7,16
2219,7,5
1946,7,6
2068,7,18
1951,7,5
2277,7,6
2209,7,16
376,7,6
2644,7,6
1513,7,11
1763,7,21
1686,7,21
2807,7,7
212,7,6
1985,7,7
1243,7,15
1194,7,6
1769,7,12
2672,7,15
2736,7,5
1576,7,6
659,7,5
2568,7,5
1106,7,15
2237,7,6
2686,7,7
75,7,5
2270,7,10
2684,7,18
384,7,12
1068,7,5
226,7,7
2326,7,20
5,7,5
2547,7,10
1133,7,6
1625,7,11
730,7,5
1758,7,6
1730,7,10
17,7,11
1186,8,8
2627,8,6
1117,8,16
985,8,9
2281,8,13
1401,8,9
549,8,35
1164,8,6
2052,8,6
1654,8,9
749,8,12
2414,8,6
627,8,9
2163,8,13
940,8,39
1412,8,5
1707,8,34
2292,8,5
2581,8,12
232,8,18
2502,8,7
808,8,34
1593,8,5
1381,8,13
344,8,11
768,8,6
1491,8,9
1066,8,5
2599,8,6
572,8,9
345,8,6
1457,8,5
1817,8,6
562,8,13
1999,8,10
227,8,8
974,8,61
2601,8,6
2038,8,6
1655,8,8
863,8,14
1262,8,8
1960,8,5
931,8,8
339,8,6
1722,8,6
822,8,14
1252,8,8
2182,8,14
867,8,14
1017,8,14
1927,8,8
2236,8,6
685,8,5
1651,8,8
2116,8,8
2549,8,6
2028,8,12
1714,8,8
2786,8,14
190,8,5
1687,8,12
1486,8,144
735,8,170
489,8,5
2456,8,8
2105,8,8
698,8,6
943,8,60
584,8,6
2413,8,5
540,8,5
2402,8,17
1761,8,14
809,8,42
2296,8,8
2550,8,8
1099,8,5
1268,8,17
1039,8,11
949,8,17
1539,8,13
2526,8,8
502,8,5
1607,8,5
1670,8,8
99,8,8
2452,8,8
491,8,16
856,8,5
2693,8,14
2656,8,12
2530,8,6
1776,8,8
2035,8,6
1168,8,8
1556,8,52
2506,8,8
2391,8,5
1026,8,8
1411,8,50
1510,8,6
1920,8,5
2497,8,9
2299,8,6
1661,8,25
236,8,25
2134,8,10
405,8,5
2775,8,7
1198,8,20
1478,8,9
2381,8,7
2352,8,5
1016,8,11
2309,8,13
1035,8,5
392,8,25
499,8,9
842,8,7
610,8,25
414,8,9
1049,8,11
754,8,11
1864,8,19
2409,8,9
964,8,15
367,8,9
1881,8,11
1906,8,9
1304,8,27
951,8,7
957,8,15
2354,8,13
430,8,19
2229,8,20
2468,8,12
781,8,7
745,8,5
2752,8,6
973,8,10
2650,8,10
2483,8,5
1799,8,22
2092,8,6
1965,8,22
1057,8,5
1177,8,15
2274,8,5
2641,8,5
1669,8,10
1446,8,21
2239,8,6
1256,8,10
2136,8,6
1512,8,6
1704,8,7
2707,8,21
2184,8,5
1631,8,23
1346,8,21
1073,8,7
1313,8,21
2321,8,7
926,8,7
355,8,7
2100,8,7
654,8,24
408,8,20
982,8,10
1413,8,19
2329,8,12
2594,8,7
1392,8,5
2098,8,7
2030,8,9
457,8,5
795,8,11
127,8,31
2501,8,7
2149,8,7
1632,8,9
145,8,6
1676,8,9
2697,8,5
1612,8,6
2504,8,7
2740,8,5
2706,8,7
243,8,6
1688,8,18
1533,8,29
1878,8,7
1805,8,7
2602,8,9
977,8,5
1076,8,9
2360,8,9
1485,8,6
704,8,6
714,8,6
883,8,6
2013,8,9
1288,8,30
1932,8,28
2085,8,11
140,8,7
1487,8,9
1371,8,9
2246,8,7
2255,8,7
1787,9,7
827,9,5
1181,9,5
2597,9,6
1180,9,5
1246,9,6
2426,9,5
1684,9,6
858,9,6
1541,9,7
797,9,6
2517,9,6
495,9,7
515,9,5
1155,9,6
2520,9,6
1065,9,5
1798,9,5
2440,9,5
306,9,5
2341,9,7
2626,9,6
2688,9,5
97,9,8
999,9,5
397,9,5
1524,9,7
2733,9,6
2790,9,6
1821,9,5
2346,9,5
2201,9,5
1107,9,8
2063,9,5
2498,9,5
718,9,5
458,9,6
2173,9,8
2444,9,6
1000,9,5
2655,9,5
1784,9,6
286,9,6
417,9,6
2403,9,6
189,9,5
2205,9,7
380,9,5
2566,9,6
1903,9,5
2180,9,6
427,9,5
1163,9,7
552,9,6
1384,9,5
1375,9,7
2780,9,5
978,9,5
2093,9,5
1547,9,6
847,9,5
2489,9,6
1591,9,7
2704,9,7
2714,9,5
935,9,5
1120,9,5
2087,9,6
1374,9,5
2789,9,6
351,9,5
1399,9,7
322,9,6
474,9,5
849,9,5
1808,9,7
2335,9,5
1934,9,6
2238,9,6
1760,9,9
2567,9,9
2041,9,12
2742,9,12
667,9,40
2050,9,23
1831,9,8
1499,9,12
1771,9,12
60,9,57
2563,9,12
112,9,12
2135,9,22
2421,9,8
1280,9,12
1437,9,10
1109,9,9
1286,9,21
1801,9,44
326,9,13
1110,9,13
476,9,13
1322,9,13
401,9,21
2227,9,21
845,9,31
79,9,10
2031,9,23
2302,9,12
930,9,16
637,9,9
2206,9,27
1298,9,9
2079,9,11
2195,9,11
153,9,25
668,9,30
564,9,11
1253,9,11
338,9,10
2325,9,9
2174,9,9
1270,9,24
1222,9,24
2664,9,10
1037,9,30
78,9,10
1276,9,12
239,9,31
1403,9,9
986,9,9
1450,9,23
1021,9,12
1200,9,24
1087,9,13
628,9,9
1160,9,8
688,9,94
702,9,18
418,9,18
1123,9,9
2634,9,15
1185,9,32
958,9,15
378,9,15
1483,9,8
1291,9,8
1085,9,15
1813,9,10
1241,9,9
2283,9,16
1806,9,9
2721,9,17
2496,9,17
1215,9,9
1691,9,38
391,9,8
1389,9,16
2358,9,16
1765,9,9
2798,9,18
1228,9,8
2075,9,38
385,9,9
2535,9,8
1925,9,33
501,9,14
1098,9,9
1629,9,20
266,9,20
1914,9,14
2170,9,14
1467,9,34
1692,9,14
2663,9,20
2021,9,27
1191,9,14
2435,9,19
2624,10,10
2289,10,11
2067,10,11
1050,10,5
175,10,37
1278,10,10
2365,10,7
2485,10,7
2475,10,7
839,10,5
1482,10,5
441,10,10
2474,10,5
823,10,5
603,10,10
1047,10,7
450,10,10
2791,10,7
530,10,10
128,10,7
2637,10,7
1273,10,7
2422,10,5
1080,10,10
2234,10,10
215,10,10
1995,10,7
726,10,10
2611,10,7
2796,10,5
2680,10,8
1309,10,27
1217,10,13
1804,10,6
2749,10,5
1479,10,5
1418,10,20
1671,10,6
1434,10,6
368,10,14
1987,10,6
947,10,14
633,10,5
2720,10,18
134,10,15
1142,10,6
1406,10,5
577,10,6
136,10,15
787,10,17
1103,10,6
1989,10,16
2726,10,5
1842,10,16
388,10,16
835,10,17
1282,10,6
161,10,17
778,10,5
1161,10,21
2137,10,28
639,10,6
1100,10,22
84,10,11
466,10,27
1205,10,5
2183,10,11
1702,10,5
93,10,6
1443,10,6
1993,10,6
760,10,6
2590,10,5
2700,10,11
2119,10,11
1002,10,11
483,10,6
1139,10,5
1072,10,12
496,10,12
1074,10,12
234,10,6
2525,10,5
2510,10,12
281,10,23
200,10,6
1283,10,12
803,10,6
2805,10,12
8,10,5
90,10,13
2366,10,5
593,10,16
2646,10,9
1023,10,5
1310,10,86
733,10,88
1338,10,8
2542,10,5
1129,10,55
643,10,9
1674,10,129
1032,10,9
815,10,5
1408,10,52
908,10,51
1800,10,8
1657,10,7
318,10,7
1647,10,39
2047,10,5
180,10,5
739,10,7
1169,10,9
2215,10,44
2263,10,5
2243,10,7
2598,10,8
1250,10,106
1489,10,9
1092,10,9
2291,10,8
2436,10,9
1059,10,65
63,10,8
1425,10,8
1093,10,9
1868,10,7
45,10,5
1613,10,8
2516,10,9
1555,10,7
1378,10,7
1143,10,8
1935,10,8
862,10,8
423,11,99
1289,11,7
900,11,27
2442,11,6
1642,11,45
2621,11,6
2481,11,26
2507,11,5
1780,11,21
573,11,6
2146,11,13
1211,11,8
375,11,6
1772,11,13
237,11,18
933,11,8
1301,11,10
107,11,9
360,11,18
612,11,5
1367,11,9
1279,11,7
1712,11,7
47,11,9
2509,11,8
185,11,29
409,11,29
481,11,7
1643,11,8
527,11,6
624,11,11
796,11,6
1832,11,5
1680,11,94
1991,11,23
741,11,8
317,11,19
1519,11,23
2659,11,6
1955,11,19
514,11,6
1731,11,12
2253,11,23
256,11,5
1373,11,12
1046,11,62
1846,11,57
1565,11,6
259,11,5
2351,11,5
1728,11,20
162,11,8
1166,11,6
2369,11,9
1949,11,59
36,11,22
2167,11,5
861,11,5
1994,11,8
1336,11,7
1204,11,15
275,11,14
1895,11,11
309,11,80
2053,11,24
1202,11,5
1567,11,14
1568,11,5
1956,11,12
1953,11,19
2748,11,9
2657,11,6
2415,11,7
2386,11,5
983,11,16
927,11,5
446,11,6
53,11,5
1003,11,16
1554,11,5
410,11,7
1488,11,6
1138,11,10
102,11,10
2086,11,7
2705,11,7
2552,11,8
1416,11,5
1407,11,5
689,11,9
1743,11,8
2448,11,7
2788,11,9
2290,11,9
1891,11,7
1342,11,5
1504,11,5
248,11,5
1978,11,40
329,11,7
178,12,5
934,12,14
18,12,7
2757,12,114
645,12,13
1875,12,24
615,12,6
1767,12,5
303,12,19
171,12,5
92,12,10
1732,12,10
272,12,7
1261,12,8
133,12,38
513,12,15
2620,12,5
670,12,25
361,12,15
1088,12,6
2639,12,6
174,12,7
2340,12,10
1792,12,5
0,12,5
2469,12,11
713,12,19
887,12,5
832,12,5
559,12,14
1235,12,8
2032,12,38
1563,12,8
834,12,6
2039,12,6
1372,12,12
1583,12,5
293,12,12
2363,12,7
1300,12,6
591,12,5
2101,12,5
2792,12,9
444,12,5
1158,12,6
2012,12,14
793,12,30
1369,12,5
636,12,5
2797,12,10
2143,12,16
720,12,14
2172,12,7
1454,12,14
1633,12,5
487,12,7
403,12,7
2774,12,6
122,12,5
396,12,8
1183,12,8
1153,12,9
1974,12,7
1640,12,21
11,12,10
1854,12,13
1490,12,5
129,12,7
531,12,11
2275,12,10
1157,12,5
301,12,15
1566,12,7
2082,12,5
2376,12,13
955,12,7
1420,12,7
1621,12,8
2034,12,10
224,12,16
1094,12,11
707,12,7
2080,12,7
1318,12,11
2088,12,13
2284,12,13
2718,12,9
1414,12,7
280,12,6
1354,12,18
753,12,7
465,12,11
1439,12,9
1844,12,30
1337,12,7
662,12,26
2199,12,5
752,13,5
721,13,17
163,13,5
38,13,8
976,13,5
2695,13,5
1034,13,12
1131,13,56
697,13,22
288,13,5
2108,13,6
2097,13,7
2724,13,7
852,13,58
2392,13,10
411,13,10
2417,13,5
648,13,12
578,13,21
517,13,5
1502,13,11
1390,13,6
1031,13,21
566,13,12
493,13,16
893,13,5
305,13,5
1395,13,19
1264,13,8
2025,13,11
332,13,5
1936,13,14
2272,13,12
737,13,13
2588,13,6
123,13,18
1650,13,5
2486,13,20
1464,13,21
599,13,7
1172,13,10
2191,13,5
2046,13,15
1921,13,15
2711,13,8
1733,13,18
919,13,17
676,13,9
1195,13,9
342,13,10
2212,13,6
2698,13,11
247,13,5
125,13,16
1525,13,10
918,13,5
1736,13,5
1308,13,6
1296,13,6
1542,13,15
979,13,16
1917,13,5
2609,13,7
1899,13,9
699,13,17
1711,13,7
2197,13,10
2007,13,21
2014,14,9
172,14,6
2276,14,9
888,14,12
1774,14,5
2524,14,13
2224,14,20
1626,14,9
817,14,22
1597,14,8
1944,14,14
1453,14,5
2443,14,5
1104,14,7
381,14,8
905,14,6
871,14,6
1698,14,5
755,14,11
1795,14,6
89,14,6
1724,14,5
924,14,5
1725,14,6
176,14,18
1455,14,8
804,14,27
41,14,39
313,14,5
49,14,7
1658,14,7
616,14,11
2254,14,8
565,14,5
1358,14,5
142,14,29
2559,14,9
2350,14,6
1853,14,25
2785,14,14
2543,14,7
1244,14,5
1928,14,6
1121,14,6
2226,14,14
1440,14,6
959,14,7
1150,14,9
1203,14,8
1036,14,23
557,14,5
1617,14,10
1700,14,5
2359,14,10
2806,14,23
1331,14,53
619,14,52
1896,14,14
1179,14,9
2131,14,6
460,14,11
1062,14,24
1366,14,24
372,15,15
268,15,15
2106,15,5
1506,15,14
1075,15,17
912,15,15
1329,15,6
609,15,18
98,15,14
2005,15,8
1184,15,15
1356,15,17
282,15,14
352,15,110
434,15,5
1451,15,23
1870,15,23
1475,15,6
1357,15,5
2734,15,34
2194,15,10
630,15,8
620,15,9
649,15,12
341,15,33
2266,15,10
1325,15,11
2378,15,11
546,15,5
922,15,10
1019,15,24
1940,15,10
1102,15,11
1552,15,7
1964,15,10
229,15,11
2746,15,7
1883,15,13
774,15,47
660,15,7
2027,15,5
2728,15,7
2458,15,5
1739,15,5
2712,15,11
2511,15,8
1056,15,22
72,15,6
1334,15,6
26,15,7
2477,15,9
711,15,37
2612,15,5
58,15,6
1623,15,5
555,15,9
1170,15,9
1417,15,12
2342,16,27
1415,16,49
1494,16,16
382,16,11
2000,16,18
1716,16,6
290,16,6
2147,16,11
2115,16,6
853,16,6
1284,16,10
218,16,5
1969,16,15
2492,16,15
2480,16,7
83,16,26
1332,16,7
560,16,5
2297,16,7
2138,16,11
1040,16,7
1124,16,29
642,16,8
1664,16,5
708,16,5
2169,16,5
1919,16,6
541,16,10
1319,16,6
2126,16,8
868,16,34
448,16,8
2078,16,6
782,16,7
2109,16,6
1957,16,12
1025,16,17
439,16,41
1254,16,13
2348,16,6
1013,16,31
844,16,14
1097,16,6
1871,16,21
1302,16,23
1981,16,22
1678,16,17
1545,16,5
2394,17,8
2513,17,9
2614,17,37
1466,17,10
433,17,7
921,17,10
1973,17,7
1992,17,35
709,17,16
370,17,11
2490,17,9
44,17,16
992,17,6
830,17,5
1856,17,5
1090,17,23
920,17,22
1553,17,5
24,17,6
1598,17,14
848,17,23
1084,17,22
181,17,6
1741,17,5
932,17,8
747,17,24
850,17,8
825,17,6
207,17,6
2338,17,5
222,17,15
1465,17,8
975,17,8
2140,17,8
115,18,8
1820,18,5
416,18,5
508,18,23
359,18,9
851,18,8
1986,18,17
1442,18,5
631,18,24
846,18,7
1945,18,9
1693,18,18
734,18,5
179,18,10
393,18,6
1859,18,11
1894,18,25
2585,18,5
1694,18,5
428,18,5
876,18,6
2165,18,6
1196,19,6
402,19,6
2062,19,5
2118,19,5
961,19,13
2457,19,8
120,19,28
1070,19,40
945,19,5
1441,19,5
273,19,11
283,19,48
1385,19,5
2361,19,49
2090,19,7
1135,19,31
299,19,5
563,19,7
550,19,24
621,19,12
879,19,5
544,19,6
2353,20,22
512,20,17
249,20,5
198,20,18
2356,20,5
740,20,5
2744,20,5
1041,20,5
500,20,35
1872,20,37
246,20,92
2024,20,14
25,20,11
2682,20,9
658,20,7
1188,20,6
1705,20,7
1976,20,6
1630,20,8
788,20,6
2371,20,6
703,20,7
201,20,12
2198,20,6
1344,20,12
2196,20,9
1619,21,5
1609,21,12
292,21,5
1824,21,10
780,21,5
30,21,5
143,21,5
1930,21,6
968,21,41
2619,21,29
939,21,6
240,21,7
1887,21,84
35,21,7
480,21,12
1027,21,19
2397,21,9
784,21,103
595,21,104
2441,21,5
1967,21,11
1018,21,37
652,21,10
1365,21,7
2110,21,5
43,21,16
2398,21,22
956,21,13
244,21,31
349,22,10
21,22,5
2102,22,12
929,22,63
1232,22,5
1127,22,15
617,22,15
2345,22,21
2388,22,5
278,22,17
1174,22,12
2121,22,5
1907,22,9
31,22,16
1742,22,7
618,22,12
130,22,6
757,22,8
7,22,11
1600,22,17
987,23,5
1063,23,12
635,23,6
892,23,6
1176,23,7
997,23,13
420,23,6
2273,23,36
294,23,5
1634,23,5
82,23,6
2408,23,7
484,23,5
1620,23,8
2367,23,24
2455,23,5
1214,23,26
589,23,18
2765,23,10
1476,23,29
686,23,25
39,23,7
1305,24,7
998,24,32
2803,24,7
1886,24,5
2364,24,11
1550,24,61
1952,24,6
235,24,9
1353,24,19
525,24,18
150,24,7
2534,24,5
1333,24,14
261,25,13
1362,25,9
2156,25,8
1734,25,6
696,25,6
1816,25,6
412,25,6
1445,25,5
1782,25,13
1538,25,12
695,25,11
66,25,11
1777,25,5
963,25,7
437,25,13
657,25,43
1028,25,18
1685,25,8
285,26,142
1540,26,9
1307,26,28
118,26,80
166,26,15
2160,26,12
2630,26,6
154,26,29
96,26,9
2271,26,6
1683,27,27
1529,27,13
346,27,21
1096,27,6
228,27,7
2179,27,11
173,27,5
1386,27,20
915,27,17
20,27,23
1811,28,10
255,28,10
233,28,7
106,28,5
890,28,12
2478,28,5
2466,28,12
993,28,5
492,29,11
121,29,13
2437,29,30
2583,29,6
2168,29,18
1740,29,7
109,29,73
1171,29,7
147,29,16
1055,29,9
2379,29,5
537,29,5
2710,29,15
467,29,16
1237,29,15
539,29,5
1577,29,8
325,30,25
311,30,6
1141,30,9
23,30,9
1948,30,56
874,30,8
1537,30,11
776,30,5
1132,30,20
1116,30,15
124,30,6
184,30,13
1409,30,10
1495,30,11
217,30,29
264,31,6
1033,31,6
2761,31,8
267,31,7
1359,31,18
242,31,8
2107,31,14
864,31,6
960,31,43
2096,31,14
894,31,5
2405,32,27
1456,32,60
1596,32,8
750,32,15
323,32,5
2016,32,32
1128,32,5
310,32,6
2004,32,5
2327,32,5
1890,32,6
2148,33,5
365,33,16
2696,33,16
68,33,15
2083,33,5
829,33,8
193,33,25
314,33,17
296,33,5
3,33,9
1845,33,25
1616,33,69
113,33,6
1873,33,16
2010,34,7
2357,34,7
340,34,39
426,34,11
315,34,5
2593,34,18
55,34,8
70,34,42
506,34,12
1189,34,7
238,34,26
1159,35,5
445,35,18
2730,35,5
470,35,9
1462,35,25
300,35,11
567,35,17
681,35,12
2690,36,21
814,36,6
456,36,69
950,36,23
989,36,5
48,37,6
528,37,40
4,37,10
1638,37,8
2465,37,35
2387,37,9
529,37,16
2189,37,6
1590,37,7
1089,37,5
724,37,6
872,38,5
2640,38,5
574,38,5
1759,38,18
1290,38,6
231,38,13
820,38,12
1843,38,7
1030,38,25
57,38,6
843,38,10
1137,39,7
1893,39,11
478,39,10
536,39,57
666,39,33
1530,39,8
2580,40,9
710,40,16
2145,40,11
468,40,11
836,40,19
543,40,5
587,40,8
2036,41,8
1574,41,31
569,41,10
160,41,10
1461,41,17
1492,41,26
1926,41,13
334,41,17
81,41,11
131,41,19
606,42,30
1224,42,5
2662,42,7
1557,42,10
2355,42,6
611,42,5
1448,42,6
366,42,14
728,42,37
165,43,16
2804,43,5
1249,43,19
19,43,10
1376,43,20
653,44,13
534,44,15
1573,44,35
1979,45,7
916,45,18
995,45,8
2665,45,8
42,45,13
1114,45,12
1459,46,6
67,46,41
2412,46,5
1323,46,7
1269,46,14
2015,46,18
425,46,19
213,46,36
1247,47,19
94,47,6
903,47,8
205,48,16
936,48,6
406,49,10
337,49,20
453,49,6
2773,49,5
2683,49,6
324,49,34
62,50,57
64,50,10
1966,50,6
2187,50,55
209,50,29
1972,50,34
901,51,12
1918,52,6
387,52,22
95,52,11
764,53,8
1474,53,8
1345,53,12
1500,54,38
969,54,15
656,55,9
783,55,13
449,55,5
199,56,23
996,56,6
831,56,53
598,56,6
580,56,8
547,57,15
505,57,12
1140,58,28
2772,58,24
219,58,10
758,59,22
1982,61,16
440,61,7
596,61,9
2081,61,7
389,61,5
270,61,5
604,62,123
202,62,7
1601,62,7
811,62,11
1285,62,6
786,63,6
2154,63,24
542,64,11
1014,64,5
819,64,8
10,64,26
855,65,5
319,65,5
1330,66,10
61,67,11
155,67,32
138,67,7
770,68,5
262,69,6
260,69,277
363,69,27
40,70,9
1983,70,14
789,71,21
156,71,16
2616,72,15
1659,72,50
241,72,12
1622,73,8
1115,73,26
1199,73,7
110,73,7
751,73,10
646,74,8
73,75,14
424,75,18
85,75,19
729,77,11
253,79,14
443,80,12
1637,80,90
287,81,5
2,81,50
518,82,5
640,82,8
117,83,5
194,83,32
1218,84,15
195,84,5
356,84,12
1245,86,37
623,86,11
1627,86,24
1679,87,67
54,88,15
88,88,13
1315,89,6
1208,89,7
634,89,30
307,92,11
498,92,14
785,92,24
383,93,16
1377,93,5
252,93,23
148,95,23
723,96,7
400,98,42
116,98,11
738,98,8
69,100,8
902,100,16
475,102,11
12,102,13
638,102,13
1646,102,6
946,103,8
33,103,9
27,103,8
1287,104,13
673,105,25
520,107,9
1905,114,5
357,115,25
371,118,37
802,118,7
413,120,15
1101,122,27
74,123,15
762,125,5
188,125,47
429,125,8
981,126,7
1167,127,7
279,128,14
1959,129,44
1148,129,33
545,131,7
1581,134,8
1514,136,14
1091,136,18
29,136,18
373,140,8
77,145,6
614,146,10
37,149,20
1064,152,5
316,152,8
2654,152,22
687,152,11
805,153,24
312,153,8
486,159,17
1145,163,9
208,164,68
766,167,6
746,167,16
206,170,11
691,171,57
613,174,9
1429,179,6
350,180,6
682,181,6
970,185,11
522,198,7
2328,199,184
1165,200,7
158,208,17
1788,209,9
601,215,27
1984,216,6
884,216,11
197,223,24
16,229,13
677,229,13
277,231,16
1147,235,8
146,249,23
2390,256,9
330,257,23
727,272,20
46,300,36
2099,336,5
438,343,22
791,408,9
105,442,11
225,457,14
13,566,22
353,632,26
86,664,7
186,676,8
167,691,29
204,818,5
6,872,6
297,1133,8
177,1186,11
693,1439,47
743,1453,48
